{
  "brush": [
    {
      "imgSrc": "https://cdn.shopify.com/s/files/1/0906/2558/products/Blend-Trend-WBG-images-12-min.jpg?v=1627573647",
      "Name": "Blend Trend Dual Face Brush - 075 Powder + Foundation",
      "ratingNum": 4.8,
      "price": 599,
      "amount": "147"
    },
    {
      "imgSrc": "https://cdn.shopify.com/s/files/1/0906/2558/products/BlendTrendFaceBrush-003Contour.jpg?v=1627659996",
      "Name": "Blend Trend Face Brush - 003 Contour",
      "ratingNum": 4.5,
      "price": 399,
      "amount": "342"
    },
    {
      "imgSrc": "https://cdn.shopify.com/s/files/1/0906/2558/products/BlendTrendFaceBrush-001Blush.jpg?v=1627659984",
      "Name": "Blend Trend Face Brush - 001 Blush",
      "ratingNum": 4.9,
      "price": 399,
      "amount": "372"
    }
  ],
  "makeup": [
    {
      "imgSrc": "https://cdn.shopify.com/s/files/1/0906/2558/products/sugar-cosmetics-contour-de-force-mini-blush-01-peach-peak-soft-peach-pink-11020203884627.jpg?v=1619102626",
      "Name": "Contour De Force Mini Blush",
      "ratingNum": 4.9,
      "price": 349,
      "amount": "147"
    },
    {
      "imgSrc": "https://cdn.shopify.com/s/files/1/0906/2558/products/1_51afaa84-af89-42b5-bdb8-a51b01257bc0.jpg?v=1639582607",
      "Name": "Contour De Force Face Palette",
      "ratingNum": 4.3,
      "price": 799,
      "amount": "342"
    },
    {
      "imgSrc": "https://cdn.shopify.com/s/files/1/0906/2558/products/1_e9355d54-6ddb-4aa4-bdfc-176a676db886.jpg?v=1639983555",
      "Name": "Base Of Glory Pore Minimizing Primer",
      "ratingNum": 4.6,
      "price": 412,
      "amount": "312"
    },
    {
      "imgSrc": "https://cdn.shopify.com/s/files/1/0906/2558/products/sugar-cosmetics-bling-leader-illuminating-moisturizer-13644982681683.jpg?v=1619115847",
      "Name": "Bling Leader Illuminating Moisturizer",
      "ratingNum": 4.1,
      "price": 345,
      "amount": "312"
    },
    {
      "imgSrc": "https://cdn.shopify.com/s/files/1/0906/2558/products/sugar-cosmetics-goddess-of-flawless-spf30-bb-cream-07-vanilla-latte-fair-12796432941139.jpg?v=1619114695",
      "Name": "All Set To Go Translucent Powder",
      "ratingNum": 4.4,
      "price": 599,
      "amount": "134"
    },
    {
      "imgSrc": "https://cdn.shopify.com/s/files/1/0906/2558/products/3_7.jpg?v=1626795160",
      "Name": "Goddess Of Flawless SPF30+ BB Cream",
      "ratingNum": 4.5,
      "price": 699,
      "amount": "56"
    },
    {
      "imgSrc": "https://cdn.shopify.com/s/files/1/0906/2558/products/1_529c20ee-c872-4029-9702-8580d7b9a66f.jpg?v=1640178644",
      "Name": "Ace Of Face Foundation Stick",
      "ratingNum": 4,
      "price": 999,
      "amount": "243"
    },
    {
      "imgSrc": "https://cdn.shopify.com/s/files/1/0906/2558/products/1_7863c610-04ae-4e21-a5bb-55577898284a.jpg?v=1637336891",
      "Name": "Own the light liquid Highlighter",
      "ratingNum": 4.7,
      "price": 649,
      "amount": "50"
    },
    {
      "imgSrc": "https://cdn.shopify.com/s/files/1/0906/2558/products/1_7863c610-04ae-4e21-a5bb-55577898284a.jpg?v=1637336891",
      "Name": "All Set To Go Banana Powder",
      "ratingNum": 4.9,
      "price": 599,
      "amount": "156"
    },
    {
      "imgSrc": "https://cdn.shopify.com/s/files/1/0906/2558/products/sugar-cosmetics-rage-for-coverage-24hr-foundation-07-vanilla-latte-fair-golden-undertone-28391223263315.jpg?v=1623073552",
      "Name": "Race for Coverage 24hr Foundation",
      "ratingNum": 4.9,
      "price": 799,
      "amount": "456"
    },
    {
      "imgSrc": "https://cdn.shopify.com/s/files/1/0906/2558/products/sugar-cosmetics-grand-finale-spf30-setting-mist-15637215576147.jpg?v=1619151508",
      "Name": "Grand Finale SPF30 Setting Mist",
      "ratingNum": 4.3,
      "price": 699,
      "amount": "564"
    },
    {
      "imgSrc": "https://cdn.shopify.com/s/files/1/0906/2558/products/sugar-cosmetics-powder-play-compact-translucent-compact-13728802799699.png?v=1619116324",
      "Name": "Powder Play Compact",
      "ratingNum": 4.4,
      "price": 599,
      "amount": "345"
    },
    {
      "imgSrc": "https://cdn.shopify.com/s/files/1/0906/2558/products/sugar-cosmetics-swipe-right-cleansing-water-12771592732755.jpg?v=1619106450",
      "Name": "Swipe Right Cleansing Water",
      "ratingNum": 4.7,
      "price": 399,
      "amount": "445"
    },
    {
      "imgSrc": "https://cdn.shopify.com/s/files/1/0906/2558/products/sugar-cosmetics-powder-play-banana-compact-28122599424083.jpg?v=1619116314",
      "Name": "Powder Play Banana Compact",
      "ratingNum": 4.6,
      "price": 599,
      "amount": "245"
    },
    {
      "imgSrc": "https://cdn.shopify.com/s/files/1/0906/2558/products/382512089-mettle-priming-balm-01.jpg?v=1648654861",
      "Name": "Mettle Priming Balm",
      "ratingNum": 4.6,
      "price": 399,
      "amount": "245"
    },
    {
      "imgSrc": "https://cdn.shopify.com/s/files/1/0906/2558/products/sugar-cosmetics-drop-the-base-serum-foundation-10959991767123.jpg?v=1619107852",
      "Name": "Drop The Base Serum Foundation",
      "ratingNum": 4.6,
      "price": 399,
      "amount": "245"
    }
  ],
  "skincare": [
    {
      "imgSrc": "https://cdn.shopify.com/s/files/1/0906/2558/products/sugar-cosmetics-acne-combo-pack-of-6-14056089157715.jpg?v=1619113757",
      "Name": "Acne Combo (Pack of 6)",
      "ratingNum": 5,
      "price": 599,
      "amount": "147"
    },
    {
      "imgSrc": "https://cdn.shopify.com/s/files/1/0906/2558/products/sugar-cosmetics-charcoal-patrol-bubble-mask-pack-of-6-12784621125715.jpg?v=1619114540",
      "Name": "Charcoal Patrol Bubble Mask (Pack of 6)",
      "ratingNum": 5,
      "price": 699,
      "amount": "542"
    },
    {
      "imgSrc": "https://cdn.shopify.com/s/files/1/0906/2558/products/sugar-cosmetics-cheat-sheet-anti-aging-mask-pack-of-6-12784629776467.jpg?v=1619114575",
      "Name": "Cheat Sheet Anti-Aging Mask (Pack of 6)",
      "ratingNum": 4.9,
      "price": 499,
      "amount": "372"
    },
    {
      "imgSrc": "https://cdn.shopify.com/s/files/1/0906/2558/products/sugar-cosmetics-total-mask-erade-pack-of-3-14056092074067.jpg?v=1644930751",
      "Name": "Total Mask-erade (Pack of 3)",
      "ratingNum": 4.8,
      "price": 299,
      "amount": "172"
    },
    {
      "imgSrc": "https://cdn.shopify.com/s/files/1/0906/2558/products/sugar-cosmetics-what-a-treat-pack-of-3-14056089714771.jpg?v=1619113879",
      "Name": "What A Treat! (Pack of 3)",
      "ratingNum": 5,
      "price": 299,
      "amount": "312"
    },
    {
      "imgSrc": "https://cdn.shopify.com/s/files/1/0906/2558/products/sugar-cosmetics-get-unmasked-pack-of-3-14056092467283.jpg?v=1619113899",
      "Name": "Get Unmasked (Pack of 3)",
      "ratingNum": 4.8,
      "price": 299,
      "amount": "372"
    },
    {
      "imgSrc": "https://cdn.shopify.com/s/files/1/0906/2558/products/sugar-cosmetics-the-clear-glow-pack-of-12-14056095613011.jpg?v=1644585135",
      "Name": "The Clear Glow (Pack of 12)",
      "ratingNum": 4.9,
      "price": 1199,
      "amount": "392"
    },
    {
      "imgSrc": "https://cdn.shopify.com/s/files/1/0906/2558/products/sugar-cosmetics-my-face-shields-pack-of-6-28122594541651.jpg?v=1619113968",
      "Name": "My Face Shields (Pack of 6)",
      "ratingNum": 4.9,
      "price": 599,
      "amount": "192"
    }
  ],
  "trending": [
    {
      "imgSrc": "https://cdn.shopify.com/s/files/1/0906/2558/products/sugar-cosmetics-acne-combo-pack-of-6-14056089157715.jpg?v=1619113757",
      "Name": "Matte As Hell Crayon Lipstick",
      "ratingNum": 4.8,
      "price": 799,
      "amount": "347"
    },
    {
      "imgSrc": "https://cdn.shopify.com/s/files/1/0906/2558/products/1_1da9dee5-9c2e-4135-994c-9b7d2ca23e6b.jpg?v=1641915296",
      "Name": "Nothing Else Matter Longwear Lipstick",
      "ratingNum": 4.8,
      "price": 499,
      "amount": "542"
    },
    {
      "imgSrc": "https://cdn.shopify.com/s/files/1/0906/2558/products/sugar-cosmetics-contour-de-force-mini-blush-01-peach-peak-soft-peach-pink-11020203884627.jpg?v=1619102626",
      "Name": "Contour De Force Mini Blush",
      "ratingNum": 4.9,
      "price": 349,
      "amount": "322"
    },
    {
      "imgSrc": "https://cdn.shopify.com/s/files/1/0906/2558/products/1_51afaa84-af89-42b5-bdb8-a51b01257bc0.jpg?v=1639582607",
      "Name": "Contour De Force Face Palette",
      "ratingNum": 4.7,
      "price": 799,
      "amount": "272"
    },
    {
      "imgSrc": "https://cdn.shopify.com/s/files/1/0906/2558/products/1_e9355d54-6ddb-4aa4-bdfc-176a676db886.jpg?v=1639983555",
      "Name": "Base Of Glory Pore Minimizing Primer",
      "ratingNum": 5,
      "price": 799,
      "amount": "392"
    },
    {
      "imgSrc": "https://cdn.shopify.com/s/files/1/0906/2558/products/sugar-cosmetics-uptown-curl-lengthening-mascara-01-black-beauty-black-28122637828179.jpg?v=1619106532",
      "Name": "Uptown Curl Lengthening Mascara - 01 Black Beauty (Black)",
      "ratingNum": 4.8,
      "price": 499,
      "amount": "372"
    },
    {
      "imgSrc": "https://cdn.shopify.com/s/files/1/0906/2558/products/1_df1e9403-ae9d-430c-8226-622d21c4743d.jpg?v=1640676422",
      "Name": "Arch Arrival Brow Definer",
      "ratingNum": 4.9,
      "price": 499,
      "amount": "192"
    },
    {
      "imgSrc": "https://cdn.shopify.com/s/files/1/0906/2558/products/1_529c20ee-c872-4029-9702-8580d7b9a66f.jpg?v=1640178644",
      "Name": "Ace Of Face Foundation Stick",
      "ratingNum": 5,
      "price": 999,
      "amount": "192"
    },
    {
      "imgSrc": "https://cdn.shopify.com/s/files/1/0906/2558/products/sugar-cosmetics-dream-cover-spf15-mattifying-compact-10-latte-12775602356307.jpg?v=1619106501",
      "Name": "Dream Cover SPF15 Mattifying Compact",
      "ratingNum": 4.7,
      "price": 499,
      "amount": "672"
    },
    {
      "imgSrc": "https://cdn.shopify.com/s/files/1/0906/2558/products/1CREATIVEIMAGE01.jpg?v=1639496051",
      "Name": "Born To Wing Gel Eyeliner",
      "ratingNum": 4.8,
      "price": 599,
      "amount": "372"
    },
    {
      "imgSrc": "https://cdn.shopify.com/s/files/1/0906/2558/products/sugar-cosmetics-mettle-matte-lipstick-01-athena-red-terracotta-13200497737811.jpg?v=1619110264",
      "Name": "Mettle Matte Lipstick",
      "ratingNum": 4.4,
      "price": 549,
      "amount": "192"
    },
    {
      "imgSrc": "https://cdn.shopify.com/s/files/1/0906/2558/products/sugar-cosmetics-magic-wand-waterproof-concealer-07-vanilla-latte-fair-golden-undertone-13278398611539.jpg?v=1619114712",
      "Name": "Magic Wand Waterproof Concealer",
      "ratingNum": 4.8,
      "price": 799,
      "amount": "192"
    }
  ],
  "cart": [
    {
      "imgSrc": "https://cdn.shopify.com/s/files/1/0906/2558/products/sugar-cosmetics-contour-de-force-mini-blush-01-peach-peak-soft-peach-pink-11020203884627.jpg?v=1619102626",
      "Name": "Contour De Force Mini Blush",
      "ratingNum": 4.9,
      "price": 349,
      "amount": "147",
      "id": 13
    },
    {
      "imgSrc": "https://cdn.shopify.com/s/files/1/0906/2558/products/1_51afaa84-af89-42b5-bdb8-a51b01257bc0.jpg?v=1639582607",
      "Name": "Contour De Force Face Palette",
      "ratingNum": 4.3,
      "price": 799,
      "amount": "342",
      "id": 14
    },
    {
      "imgSrc": "https://cdn.shopify.com/s/files/1/0906/2558/products/1_e9355d54-6ddb-4aa4-bdfc-176a676db886.jpg?v=1639983555",
      "Name": "Base Of Glory Pore Minimizing Primer",
      "ratingNum": 4.6,
      "price": 412,
      "amount": "312",
      "id": 15
    }
  ]
}